-- phpMyAdmin SQL Dump
-- version 4.1.14
-- http://www.phpmyadmin.net
--
-- Servidor: 127.0.0.1
-- Tiempo de generaci칩n: 21-03-2019 a las 16:17:09
-- Versi칩n del servidor: 5.6.17
-- Versi칩n de PHP: 5.5.12
-- 
-- DataBase InduccionIONIC

SET SQL_MODE = "NO_AUTO_VALUE_ON_ZERO";
SET time_zone = "+00:00";


/*!40101 SET @OLD_CHARACTER_SET_CLIENT=@@CHARACTER_SET_CLIENT */;
/*!40101 SET @OLD_CHARACTER_SET_RESULTS=@@CHARACTER_SET_RESULTS */;
/*!40101 SET @OLD_COLLATION_CONNECTION=@@COLLATION_CONNECTION */;
/*!40101 SET NAMES utf8 */;

--
-- Base de datos: `induccionionic`
--

-- --------------------------------------------------------

--
-- Estructura de tabla para la tabla `producto`
--

CREATE TABLE IF NOT EXISTS `producto` (
  `id_producto` int(11) NOT NULL AUTO_INCREMENT,
  `nombre` varchar(100) DEFAULT NULL,
  `precio` int(11) DEFAULT NULL,
  `cantidad` int(11) DEFAULT NULL,
  `id_tipo_producto` int(11) NOT NULL,
  `oferta` tinyint(1) DEFAULT NULL,
  PRIMARY KEY (`id_producto`),
  KEY `id_tipo_producto` (`id_tipo_producto`)
) ENGINE=InnoDB  DEFAULT CHARSET=utf8 AUTO_INCREMENT=10 ;

--
-- Volcado de datos para la tabla `producto`
--

INSERT INTO `producto` (`id_producto`, `nombre`, `precio`, `cantidad`, `id_tipo_producto`, `oferta`) VALUES
(1, 'Cocosette', 1300, 25, 2, 0),
(2, 'Doritos', 1700, 5, 2, 0),
(3, 'Jet', 1000, 10, 1, 0),
(4, 'Jumbo', 2100, 4, 1, 0),
(5, 'Chiclets', 200, 40, 6, 0),
(6, 'Bubbaloo', 300, 20, 6, 0),
(7, 'Trident', 700, 7, 6, 0),
(8, 'Trululu', 200, 10, 4, 1),
(9, 'Mogul', 800, 12, 4, 0);

-- --------------------------------------------------------

--
-- Estructura de tabla para la tabla `tipo_producto`
--

CREATE TABLE IF NOT EXISTS `tipo_producto` (
  `id_tipo_producto` int(11) NOT NULL AUTO_INCREMENT,
  `descripcion` varchar(100) DEFAULT NULL,
  PRIMARY KEY (`id_tipo_producto`)
) ENGINE=InnoDB  DEFAULT CHARSET=utf8 AUTO_INCREMENT=7 ;

--
-- Volcado de datos para la tabla `tipo_producto`
--

INSERT INTO `tipo_producto` (`id_tipo_producto`, `descripcion`) VALUES
(1, 'Galleta'),
(2, 'Chocolate'),
(3, 'Dulce de Leche'),
(4, 'Gomita'),
(5, 'Helado'),
(6, 'Chiclets');

-- --------------------------------------------------------

--
-- Estructura de tabla para la tabla `usuario`
--

CREATE TABLE IF NOT EXISTS `usuario` (
  `id_usuario` int(11) NOT NULL AUTO_INCREMENT,
  `nombre` varchar(100) NOT NULL,
  `apellido` varchar(100) NOT NULL,
  PRIMARY KEY (`id_usuario`)
) ENGINE=InnoDB  DEFAULT CHARSET=utf8 AUTO_INCREMENT=3 ;

--
-- Volcado de datos para la tabla `usuario`
--

INSERT INTO `usuario` (`id_usuario`, `nombre`, `apellido`) VALUES
(1, 'Sr Pablo', 'Escobar'),
(2, 'Sra Petra', 'Pati침o');

-- --------------------------------------------------------

--
-- Estructura de tabla para la tabla `ventas`
--

CREATE TABLE IF NOT EXISTS `ventas` (
  `id_ventas` int(11) NOT NULL AUTO_INCREMENT,
  `id_producto` int(11) NOT NULL,
  `id_usuario` int(11) NOT NULL,
  `cantidad` int(11) NOT NULL,
  PRIMARY KEY (`id_ventas`),
  KEY `id_producto` (`id_producto`,`id_usuario`,`cantidad`)
) ENGINE=InnoDB DEFAULT CHARSET=utf8 AUTO_INCREMENT=1 ;

/*!40101 SET CHARACTER_SET_CLIENT=@OLD_CHARACTER_SET_CLIENT */;
/*!40101 SET CHARACTER_SET_RESULTS=@OLD_CHARACTER_SET_RESULTS */;
/*!40101 SET COLLATION_CONNECTION=@OLD_COLLATION_CONNECTION */;
